Церемония	Актриса	Фильм(ы)	Роль
1-я	Джанет Гейнор	Седьмое небо	Дайана
1-я	Джанет Гейнор	Уличный ангел	Анджела
1-я	Джанет Гейнор	Восход солнца	жена
1-я	Луиза Дрессер	Корабль приплывает	миссис Плезник
1-я	Глория Свенсон	Сэди Томпсон	Сэди Томпсон
2-я	Мэри Пикфорд	Кокетка	Норма Безант
2-я	Рут Чаттертон	Мадам Икс	Жаклин Флорио
2-я	Бетти Компсон	Зазывала	Кэрри
2-я	Джинн Иглс (посмертно)	Письмо	Лесли Кросби
2-я	Коринна Гриффит	Божественная леди	леди Эмма Гамильтон
2-я	Бесси Лав	Бродвейская мелодия	Хэнк Махони
3-я	Норма Ширер	Развод	Джерри Бернард Мартин
3-я	Нэнси Кэрролл	Торжество дьявола	Хэлли Хобарт
3-я	Рут Чаттертон	Сара и сын	Сара Сторм
3-я	Грета Гарбо	Анна Кристи	Анна Кристи
3-я	Норма Ширер	Роман	Рита Каваллини
3-я	Норма Ширер	Их собственное желание	Люсия «Лалли» Марлетт
3-я	Глория Свенсон	Правонарушительница	Марион Доннелл
4-я	Мари Дресслер	Мин и Билл	Мин Дивот
4-я	Марлен Дитрих	Марокко	мадемуазель Эми Джолли
4-я	Айрин Данн	Симаррон	Сабра Крават
4-я	Энн Хардинг	Праздник	Линда Сетон
4-я	Норма Ширер	Вольная душа	Джен Эш
5-я	Хелен Хейс	Грех Мадлон Клоде	Мадлон Клоде
5-я	Мари Дресслер	Эмма	Эмма Тэтчер Смит
5-я	Линн Фонтэнн	Гвардеец	актриса
6-я	Кэтрин Хепбёрн	Ранняя слава	Ева Лавлейс
6-я	Мэй Робсон	Леди на один день	«Яблочная Энни»
6-я	Дайана Уиньярд	Кавалькада	Джейн Мэрриот
7-я	Клодетт Кольбер	Это случилось однажды ночью	Элли Эндрюс
7-я	Грейс Мур	Одна ночь любви	Мэри Барретт
7-я	Норма Ширер	Барретты с Уимпоул-стрит	Элизабет Барретт Браунинг
7-я	Бетт Дейвис	Бремя страстей человеческих	Милдред Роджерс
8-я	Бетт Дейвис	Опасная	Джойс Хит
8-я	Элизабет Бергнер	Никогда не покидай меня	Джемма Джонс
8-я	Клодетт Кольбер	Внутренние миры	доктор Джейн Эверест
8-я	Кэтрин Хепбёрн	Элис Адамс	Элис Адамс
8-я	Мириам Хопкинс	Бекки Шарп	Бекки Шарп
8-я	Мерл Оберон	Тёмный ангел	Китти Вэйн
9-я	Луиза Райнер	Великий Зигфелд	Анна Хелд
9-я	Айрин Данн	Теодора сходит с ума	Теодора Линн
9-я	Глэдис Джордж	Отвага — второе имя Кэрри	Кэрри Снайдер
9-я	Кэрол Ломбард	Мой слуга Годфри	Айрин Буллок
9-я	Норма Ширер	Ромео и Джульетта	Джульетта Капулетти
10-я	Луиза Райнер	Благословенная земля	О-Лан
10-я	Айрин Данн	Ужасная правда	Люси Уорринер
10-я	Грета Гарбо	Дама с камелиями	Маргарита Готье
10-я	Джанет Гейнор	Звезда родилась	Эстер Виктория Блоджетт / Вики Лестер
10-я	Барбара Стэнвик	Стелла Даллас	Стелла Мартин Даллас
11-я	Бетт Дейвис	Иезавель	Джули Марсден
11-я	Фэй Бейнтер	Белые знамёна	Ханна Пармали
11-я	Уэнди Хиллер	Пигмалион	Элиза Дулиттл
11-я	Норма Ширер	Мария-Антуанетта	королева Франции Мария-Антуанетта
11-я	Маргарет Саллаван	Три товарища	Патриция «Пэт» Холлманн
12-я	Вивьен Ли	Унесённые ветром	Скарлетт О’Хара
12-я	Бетт Дейвис	Победить темноту	Джудит Трэйхерн
12-я	Айрин Данн	Любовный роман	Терри Маккей
12-я	Грета Гарбо	Ниночка	Нина Ивановна Якушова
12-я	Грир Гарсон	До свиданья, мистер Чипс	Кэтрин Чиппинг
13-я	Джинджер Роджерс	Китти Фойл	Китти Фойл
13-я	Бетт Дейвис	Письмо	Лесли Кросби
13-я	Джоан Фонтейн	Ребекка	миссис де Винтер
13-я	Кэтрин Хепбёрн	Филадельфийская история	Трейси Лорд
13-я	Марта Скотт	Наш городок	Эмили Уэбб
14-я	Джоан Фонтейн	Подозрение	Лина Маклэйдлоу
14-я	Бетт Дейвис	Маленькие лисички	Регина Гидденс
14-я	Оливия де Хэвилленд	Задержите рассвет	Эмми Браун
14-я	Грир Гарсон	Цветы в пыли	Эдна Кали Гледни
14-я	Барбара Стэнвик	С огоньком	Кэтрин О’Ши
15-я	Грир Гарсон	Миссис Минивер	миссис Кей Минивер
15-я	Бетт Дейвис	Вперёд, путешественник	Шарлотта Вэйл
15-я	Кэтрин Хепбёрн	Женщина года	Тесс Хардинг
15-я	Розалинд Расселл	Моя сестра Эйлин	Рут Шервуд
15-я	Тереза Райт	Гордость янки	Элеонор Твитчелл Гериг
16-я	Дженнифер Джонс	Песня Бернадетт	Бернадетта Субиру
16-я	Джин Артур	Чем больше, тем веселее	Констанс «Конни» Миллиган
16-я	Ингрид Бергман	По ком звонит колокол	Мария
16-я	Джоан Фонтейн	Постоянная нимфа	Тереза «Тесса» Сэнгер
16-я	Грир Гарсон	Мадам Кюри	Мария Склодовская-Кюри
17-я	Ингрид Бергман	Газовый свет	Пола Олквист
17-я	Клодетт Кольбер	С тех пор как вы ушли	миссис Энн Хилтон
17-я	Бетт Дейвис	Мистер Скеффингтон	Фанни Треллис Скеффингтон
17-я	Грир Гарсон	Миссис Паркингтон	Сюзи Паркингтон
17-я	Барбара Стэнвик	Двойная страховка	Филлис Дитрихсон
18-я	Джоан Кроуфорд	Милдред Пирс	Милдред Пирс
18-я	Ингрид Бергман	Колокола Святой Марии	сестра Мэри Бенедикт
18-я	Грир Гарсон	Долина решимости	Мэри Рэфферти
18-я	Дженнифер Джонс	Любовные письма	Синглтон / Виктория Морланд
18-я	Джин Тирни	Бог ей судья	Эллен Берент Харланд
19-я	Оливия де Хэвилленд	Каждому своё	мисс Джозефин «Джоди» Норрис
19-я	Селия Джонсон	Короткая встреча	Лора Джессон
19-я	Дженнифер Джонс	Дуэль под солнцем	Перл Чавес
19-я	Розалинд Расселл	Сестра Кенни	Элизабет Кенни
19-я	Джейн Уайман	Оленёнок	Орри Бакстер
20-я	Лоретта Янг	Дочь фермера	Кэтрин Холстром
20-я	Джоан Кроуфорд	Одержимая	Луиза Хауэлл
20-я	Сьюзен Хэйворд	Катастрофа: История женщины	Анжелика «Энджи» Эванс Конвей
20-я	Дороти Макгуайр	Джентльменское соглашение	Кэти Лэси
20-я	Розалинд Расселл	Траур к лицу Электре	Лавиния Мэннон
21-я	Джейн Уайман	Джонни Белинда	Белинда Макдональд
21-я	Ингрид Бергман	Жанна д’Арк	Жанна д’Арк
21-я	Оливия де Хэвилленд	Змеиная яма	Вирджиния Стюарт Каннингем
21-я	Айрин Данн	Я помню маму	Марта «Мама» Хэнсон
21-я	Барбара Стэнвик	Извините, ошиблись номером	Леона Стивенсон
22-я	Оливия де Хэвилленд	Наследница	Кэтрин Слопер
22-я	Джинн Крейн	Пинки	Патриция «Пинки» Джонсон
22-я	Сьюзен Хэйворд	Моё глупое сердце	Элоиз Уинтерс
22-я	Дебора Керр	Эдвард, мой сын	Эвелин Боулт
22-я	Лоретта Янг	Приходи в конюшню	сестра Маргарет
23-я	Джуди Холидей	Рождённая вчера	Эмма «Билли» Даун
23-я	Энн Бакстер	Всё о Еве	Ева Харрингтон
23-я	Бетт Дейвис	Всё о Еве	Марго Ченнинг
23-я	Элинор Паркер	В клетке	Мэри Аллен
23-я	Глория Свенсон	Бульвар Сансет	Норма Десмонд
24-я	Вивьен Ли	Трамвай „Желание“	Бланш Дюбуа
24-я	Кэтрин Хепбёрн	Африканская королева	Роуз Сейер
24-я	Элинор Паркер	Детективная история	Мэри Маклеод
24-я	Шелли Уинтерс	Место под солнцем	Элис Трипп
24-я	Джейн Уайман	Голубая вуаль	Луиза Мейсон
25-я	Ширли Бут	Вернись, малышка Шеба	Лола Делани
25-я	Джоан Кроуфорд	Внезапный страх	Мира Хадсон
25-я	Бетт Дейвис	Звезда	Маргарет Эллиот
25-я	Джули Харрис	На свадьбе	Фрэнсис «Фрэнки» Аддамс
25-я	Сьюзен Хэйворд	С песней в моём сердце	Джейн Фроман
26-я	Одри Хепбёрн	Римские каникулы	принцесса Анна
26-я	Лесли Карон	Лили	Лили Дюрье
26-я	Ава Гарднер	Могамбо	Элоиза Келли
26-я	Дебора Керр	Отныне и во веки веков	Карен Холмс
26-я	Мэгги Макнамара	Синяя луна	Пэтти О’Нилл
27-я	Грейс Келли	Деревенская девушка	Джорджи Элджин
27-я	Дороти Дэндридж	Кармен Джонс	Кармен Джонс
27-я	Джуди Гарленд	Звезда родилась	Эстер Блоджетт / Вики Лестер
27-я	Одри Хепбёрн	Сабрина	Сабрина Фэйрчайлд
27-я	Джейн Уайман	Великолепная одержимость	Хелен Филлипс
28-я	Анна Маньяни	Татуированная роза	Серафина Делла Роза
28-я	Сьюзен Хэйворд	Я буду плакать завтра	Лиллиан Рот
28-я	Кэтрин Хепбёрн	Лето	Джейн Хадсон
28-я	Дженнифер Джонс	Любовь — самая великолепная вещь на свете	доктор Хан Суйин
28-я	Элинор Паркер	Прерванная мелодия	Марджори Лоуренс
29-я	Ингрид Бергман	Анастасия	Анна Корева / великая княжна Анастасия
29-я	Кэрролл Бейкер	Куколка	«Куколка» Мейган
29-я	Кэтрин Хепбёрн	Продавец дождя	Лиззи Карри
29-я	Нэнси Келли	Дурная кровь	Кристин Пенмарк
29-я	Дебора Керр	Король и я	Анна Леонуэнс
30-я	Джоан Вудворд	Три лица Евы	Ева Уайт / Ева Блэк / Джейн
30-я	Дебора Керр	Бог знает, мистер Аллисон	сестра Анджела
30-я	Анна Маньяни	Дикий ветер	Джои
30-я	Элизабет Тейлор	Округ Рэйнтри	Сюзанна Дрейк
30-я	Лана Тёрнер	Пэйтон Плейс	Констанс Маккензи
31-я	Сьюзен Хэйворд	Я хочу жить!	Барбара Грэхэм
31-я	Дебора Керр	За отдельными столиками	Сибил Рейлтон-Белл
31-я	Ширли Маклейн	И подбежали они	Джинни Мурхед
31-я	Розалинд Расселл	Тётушка Мэйм	Мэйм Деннис
31-я	Элизабет Тейлор	Кошка на раскалённой крыше	Мегги Поллитт
32-я	Симона Синьоре	Путь наверх	Элис Эйсджилл
32-я	Дорис Дэй	Телефон пополам	Джен Морроу
32-я	Одри Хепбёрн	История монахини	сестра Люк (Габриэль ван дер Маль)
32-я	Кэтрин Хепбёрн	Внезапно, прошлым летом	миссис Вайолет Вэнейбл
32-я	Элизабет Тейлор	Внезапно, прошлым летом	Кэтрин Холли
33-я	Элизабет Тейлор	Баттерфилд, 8	Глория Вэндроуз
33-я	Грир Гарсон	Восход солнца в Кампобелло	Элеонора Рузвельт
33-я	Дебора Керр	Бродяги	Ида Кармоди
33-я	Ширли Маклейн	Квартира	Фрэн Кубелик
33-я	Мелина Меркури	Никогда в воскресенье	Илия
34-я	Софи Лорен	Чочара	Чезира
34-я	Одри Хепбёрн	Завтрак у Тиффани	Холли Голайтли
34-я	Пайпер Лори	Мошенник	Сара Паккард
34-я	Джеральдин Пейдж	Лето и дым	Алма Уайнмиллер
34-я	Натали Вуд	Великолепие в траве	Уилма Дин «Дини» Лумис
35-я	Энн Бэнкрофт	Сотворившая чудо	Энн Салливан
35-я	Бетт Дейвис	Что случилось с Бэби Джейн?	Бэби Джейн Хадсон
35-я	Кэтрин Хепбёрн	Долгий день уходит в ночь	Мэри Тайрон
35-я	Джеральдин Пейдж	Сладкоголосая птица юности	Александра Дель Лаго
35-я	Ли Ремик	Дни вина и роз	Кирстен Арнесен Клэй
36-я	Патриция Нил	Хад	Альма Браун
36-я	Лесли Карон	Угловая комната	Джейн Фоссет
36-я	Ширли Маклейн	Нежная Ирма	Ирма
36-я	Рейчел Робертс	Такова спортивная жизнь	миссис Маргарет Хэммонд
36-я	Натали Вуд	Любовь с подходящим незнакомцем	Энджи Россини
37-я	Джули Эндрюс	Мэри Поппинс	Мэри Поппинс
37-я	Энн Бэнкрофт	Пожиратель тыкв	Джо Армитаж
37-я	Софи Лорен	Брак по-итальянски	Филумена Мартурано
37-я	Дебби Рейнольдс	Непотопляемая Молли Браун	Молли Браун
37-я	Ким Стэнли	Сеанс дождливым вечером	Майра Сэвэдж
38-я	Джули Кристи	Дорогая	Диана Скотт
38-я	Джули Эндрюс	Звуки музыки	Мария
38-я	Саманта Эггар	Коллекционер	Миранда Грей
38-я	Элизабет Хартман	Клочок синевы	Селина Д’Арси
38-я	Симона Синьоре	Корабль дураков	графиня
39-я	Элизабет Тейлор	Кто боится Вирджинии Вулф?	Марта
39-я	Анук Эме	Мужчина и женщина	Анна Готье
39-я	Ида Каминска	Магазин на площади	Розалия Лаутманнова
39-я	Линн Редгрейв	Девушка Джорджи	Джорджи Паркин
39-я	Ванесса Редгрейв	Морган: Подходящий случай для терапии	Леони Делт
40-я	Кэтрин Хепбёрн	Угадай, кто придёт к обеду?	Кристина Дрейтон
40-я	Энн Бэнкрофт	Выпускник	миссис Робинсон
40-я	Фэй Данауэй	Бонни и Клайд	Бонни Паркер
40-я	Эдит Эванс	Шептуны	Мэгги Росс
40-я	Одри Хепбёрн	Дождись темноты	Сьюзи Хендрикс
41-я	Кэтрин Хепбёрн	Лев зимой	Алиенора Аквитанская
41-я	Барбра Стрейзанд	Смешная девчонка	Фанни Брайс
41-я	Патриция Нил	Если бы не розы	Нетти Клири
41-я	Ванесса Редгрейв	Айседора	Айседора Дункан
41-я	Джоан Вудворд	Рэйчел, Рэйчел	Рэйчел Кэмерон
42-я	Мэгги Смит	Расцвет мисс Джин Броди	мисс Джин Броди
42-я	Женевьева Бюжо	Тысяча дней Анны	Анна Болейн
42-я	Джейн Фонда	Загнанных лошадей пристреливают, не правда ли?	Глория Битти
42-я	Лайза Миннелли	Бесплодная кукушка	Мэри Энн «Пуки» Адамс
42-я	Джин Симмонс	Счастливый конец	Мэри Уилсон
43-я	Гленда Джексон	Влюблённые женщины	Гудрун Бренгвен
43-я	Джейн Александер	Большая белая надежда	Элеанор Бэкман
43-я	Эли Макгроу	История любви	Дженнифер Каваллери
43-я	Сара Майлз	Дочь Райана	Рози Райан
43-я	Кэрри Снодгресс	Дневник безумной домохозяйки	Тина Балсер
44-я	Джейн Фонда	Клют	Бри Дэниелс
44-я	Джули Кристи	Маккейб и миссис Миллер	Констанс Миллер
44-я	Гленда Джексон	Воскресенье, проклятое воскресенье	Алекс Грэвилл
44-я	Ванесса Редгрейв	Мария — королева Шотландии	королева Шотландии Мария Стюарт
44-я	Джанет Сазман	Николай и Александра	императрица Александра Фёдоровна
45-я	Лайза Миннелли	Кабаре	Салли Боулз
45-я	Дайана Росс	Леди поёт блюз	Билли Холидей
45-я	Мэгги Смит	Путешествия с моей тётей	Аугуста Бертрам
45-я	Сисели Тайсон	Саундер	Ребекка Морган
45-я	Лив Ульман	Эмигранты	Кристина Нильссон
46-я	Гленда Джексон	С шиком	Вики Аллессио
46-я	Эллен Бёрстин	Изгоняющий дьявола	Крис Макнил
46-я	Марша Мейсон	Увольнение до полуночи	Мэгги Пол
46-я	Барбра Стрейзанд	Встреча двух сердец	Кэти Мороски
46-я	Джоан Вудворд	Летние желания, зимние мечты	Рита Уолден
47-я	Эллен Бёрстин	Алиса здесь больше не живёт	Алиса Хайатт
47-я	Дайан Кэрролл	Клодин	Клодин Прайс
47-я	Фэй Данауэй	Китайский квартал	Эвелин Кросс Малрей
47-я	Валери Перрин	Ленни	Хани Брюс
47-я	Джина Роулендс	Женщина под влиянием	Мэйбл Лонгетти
48-я	Луиза Флетчер	Пролетая над гнездом кукушки	медсестра Милдред Рэтчед
48-я	Изабель Аджани	История Адели Г.	Адель Гюго
48-я	Энн-Маргрет	Томми	Нора Уокер Хоббс
48-я	Гленда Джексон	Гедда	Гедда Габлер
48-я	Кэрол Кейн	Хестер-стрит	Гитл
49-я	Фэй Данауэй	Телесеть	Дайана Кристенсен
49-я	Мари-Кристин Барро	Кузен, кузина	Марта
49-я	Талия Шайр	Рокки	Эдриан Пеннино
49-я	Сисси Спейсек	Кэрри	Кэрри Уайт
49-я	Лив Ульман	Лицом к лицу	доктор Йенни Исакссон
50-я	Дайан Китон	Энни Холл	Энни Холл
50-я	Энн Бэнкрофт	Поворотный пункт	Эмма Джеклин
50-я	Джейн Фонда	Джулия	Лилиан Хеллман
50-я	Ширли Маклейн	Поворотный пункт	Диди Роджерс
50-я	Марша Мейсон	До свидания, дорогая	Пола Макфадден
51-я	Джейн Фонда	Возвращение домой	Салли Хайд
51-я	Ингрид Бергман	Осенняя соната	Шарлотта Андергаст
51-я	Эллен Бёрстин	В это же время, в следующем году	Дорис
51-я	Джилл Клейберг	Незамужняя женщина	Эрика
51-я	Джеральдин Пейдж	Интерьеры	Ева
52-я	Салли Филд	Норма Рэй	Норма Рэй Уэбстер
52-я	Джилл Клейберг	Начать сначала	Мэрилин Холмберг
52-я	Джейн Фонда	Китайский синдром	Кимберли Уэллс
52-я	Марша Мейсон	Глава вторая	Дженни Маклейн
52-я	Бетт Мидлер	Роза	Мэри Роуз Фостер
53-я	Сисси Спейсек	Дочь шахтёра	Лоретта Линн
53-я	Эллен Бёрстин	Воскрешение	Эдна Мэй Маккоули
53-я	Голди Хоун	Рядовой Бенджамин	рядовая Джуди Бенджамин
53-я	Мэри Тайлер Мур	Обыкновенные люди	Бэт Джарэтт
53-я	Джина Роулендс	Глория	Глория Свенсон
54-я	Кэтрин Хепбёрн	На золотом озере	Этель Тэйер
54-я	Дайан Китон	Красные	Луиза Брайант
54-я	Марша Мейсон	Только когда я смеюсь	Джорджия Хайнц
54-я	Сьюзан Сарандон	Атлантик-Сити	Салли Мэтьюс
54-я	Мерил Стрип	Женщина французского лейтенанта	Сара Вудраф / Анна
55-я	Мерил Стрип	Выбор Софи	Софи Завистовски
55-я	Джули Эндрюс	Виктор/Виктория	Виктория Грант / граф Виктор Гражински
55-я	Джессика Лэнг	Фрэнсис	Фрэнсис Фармер
55-я	Сисси Спейсек	Пропавший без вести	Бет Хорман
55-я	Дебра Уингер	Офицер и джентльмен	Пола Покрифки
56-я	Ширли Маклейн	Язык нежности	Аврора Гринуэй
56-я	Джейн Александер	Завещание	Кэрол Уэтерли
56-я	Мерил Стрип	Силквуд	Карен Силквуд
56-я	Джули Уолтерс	Воспитание Риты	Сьюзен «Рита» Уайт
56-я	Дебра Уингер	Язык нежности	Эмма Гринуэй Хортон
57-я	Салли Филд	Места в сердце	Эдна Сполдинг
57-я	Джуди Дэвис	Поездка в Индию	Адела Куэстед
57-я	Джессика Лэнг	Деревня	Джевелл Айви
57-я	Ванесса Редгрейв	Бостонцы	Олив Чанселлор
57-я	Сисси Спейсек	Река	Мэй Гарви
58-я	Джеральдин Пейдж	Поездка в Баунтифул	Кэрри Уоттс
58-я	Энн Бэнкрофт	Агнесса божья	мать-настоятельница Мириам Рут
58-я	Вупи Голдберг	Цветы лиловые полей	Сели Джонсон
58-я	Джессика Лэнг	Сладкие грёзы	Пэтси Клайн
58-я	Мерил Стрип	Из Африки	Карен Бликсен
59-я	Марли Мэтлин	Дети меньшего бога	Сара Норман
59-я	Джейн Фонда	На следующее утро	Алекс Стернберген
59-я	Сисси Спейсек	Преступления сердца	Бэйб
59-я	Кэтлин Тёрнер	Пегги Сью вышла замуж	Пегги Сью
59-я	Сигурни Уивер	Чужие	Эллен Рипли
60-я	Шер	Власть луны	Лоретта Касторини
60-я	Гленн Клоуз	Роковое влечение	Алекс Форрест
60-я	Холли Хантер	Телевизионные новости	Джейн Крэйг
60-я	Салли Кёркленд	Анна	Анна
60-я	Мерил Стрип	Чертополох	Хелен Арчер
61-я	Джоди Фостер	Обвиняемые	Сара Тобиас
61-я	Гленн Клоуз	Опасные связи	маркиза Изабель де Мертей
61-я	Мелани Гриффит	Деловая девушка	Тесс Макгилл
61-я	Мерил Стрип	Крик в темноте	Линди Чемберлен
61-я	Сигурни Уивер	Гориллы в тумане	Дайан Фосси
62-я	Джессика Тэнди	Шофёр мисс Дэйзи	мисс Дэйзи Вортон
62-я	Изабель Аджани	Камилла Клодель	Камилла Клодель
62-я	Полин Коллинз	Ширли Валентайн	Ширли Валентайн-Брэдшоу
62-я	Джессика Лэнг	Музыкальная шкатулка	Энн Тэлбот
62-я	Мишель Пфайффер	Знаменитые братья Бэйкеры	Сьюзи Диамонд
63-я	Кэти Бэйтс	Мизери	Энни Уилкс
63-я	Анжелика Хьюстон	Кидалы	Лилли Диллон
63-я	Джулия Робертс	Красотка	Вивьен Уорд
63-я	Мерил Стрип	Открытки с края бездны	Сьюзан Вэйл
63-я	Джоан Вудворд	Мистер и миссис Бридж	Индия Бридж
64-я	Джоди Фостер	Молчание ягнят	Клариса Старлинг
64-я	Джина Дэвис	Тельма и Луиза	Тельма Ивонн Дикинсон
64-я	Лора Дерн	Слабая Роза	Роза
64-я	Бетт Мидлер	Для наших ребят	Дикси Леонард
64-я	Сьюзан Сарандон	Тельма и Луиза	Луиза Элизабет Сойер
65-я	Эмма Томпсон	Говардс Энд	Маргарет Шлегель
65-я	Катрин Денёв	Индокитай	Элиан Деврие
65-я	Мэри Макдоннелл	Рыба страсти	Мэй-Элис Колхейн
65-я	Мишель Пфайффер	Поле любви	Лурин Хэллетт
65-я	Сьюзан Сарандон	Масло Лоренцо	Михаэла Одоне
66-я	Холли Хантер	Пианино	Ада Макграт
66-я	Анджела Бассетт	На что способна любовь	Анна Мэй Буллок / Тина Тёрнер
66-я	Стокард Чэннинг	Шесть степеней отчуждения	Уиза Киттридж
66-я	Эмма Томпсон	Остаток дня	мисс Кентон
66-я	Дебра Уингер	Страна теней	Джой Грешем
67-я	Джессика Лэнг	Голубое небо	Карли Маршалл
67-я	Джоди Фостер	Нелл	Нелл Келлти
67-я	Миранда Ричардсон	Том и Вив	Вивьенн Хей-Вуд
67-я	Вайнона Райдер	Маленькие женщины	Джо Марч
67-я	Сьюзан Сарандон	Клиент	Реджи Лав
68-я	Сьюзан Сарандон	Мертвец идёт	сестра Хелен Преджан
68-я	Элизабет Шу	Покидая Лас-Вегас	Сэра
68-я	Шэрон Стоун	Казино	Джинджер Маккенна
68-я	Мерил Стрип	Мосты округа Мэдисон	Франческа Джонсон
68-я	Эмма Томпсон	Разум и чувства	Элинор Дэшвуд
69-я	Фрэнсис Макдорманд	Фарго	Мардж Гандерсон
69-я	Бренда Блетин	Тайны и ложь	Синтия Роуз Пёрли
69-я	Дайан Китон	Комната Марвина	Бесси
69-я	Кристин Скотт Томас	Английский пациент	Кэтрин Клифтон
69-я	Эмили Уотсон	Рассекая волны	Бесс Макнилл
70-я	Хелен Хант	Лучше не бывает	Кэрол Коннелли
70-я	Хелена Бонэм Картер	Крылья голубки	Кейт Крой
70-я	Джули Кристи	На закате	Филлис Манн
70-я	Джуди Денч	Миссис Браун	королева Великобритании Виктория
70-я	Кейт Уинслет	Титаник	Роза Дьюитт Бьюкейтер
71-я	Гвинет Пэлтроу	Влюблённый Шекспир	Виола де Лессепс
71-я	Кейт Бланшетт	Елизавета	королева Англии Елизавета I
71-я	Фернанда Монтенегру	Центральный вокзал	Дора
71-я	Мерил Стрип	Истинные ценности	Кейт Галден
71-я	Эмили Уотсон	Хилари и Джеки	Жаклин дю Пре
72-я	Хилари Суонк	Парни не плачут	Тина Брэндон / Брэндон Тина
72-я	Аннетт Бенинг	Красота по-американски	Кэролайн Бёрнэм
72-я	Джанет Мактир	Перекати-поле	Мэри Джо Уокер
72-я	Джулианна Мур	Конец романа	Сара Майлз
72-я	Мерил Стрип	Музыка сердца	Роберта Гуаспари
73-я	Джулия Робертс	Эрин Брокович	Эрин Брокович
73-я	Джоан Аллен	Претендент	сенатор Лэйн Хенсон
73-я	Жюльет Бинош	Шоколад	Виенн Роше
73-я	Эллен Бёрстин	Реквием по мечте	Сара Голдфарб
73-я	Лора Линни	Можешь рассчитывать на меня	Саманта «Сэмми» Прескотт
74-я	Хэлли Берри	Бал монстров	Летиция Масгроув
74-я	Джуди Денч	Айрис	Айрис Мёрдок (в старости)
74-я	Николь Кидман	Мулен Руж!	Сатин
74-я	Сисси Спейсек	В спальне	Рут Фаулер
74-я	Рене Зеллвегер	Дневник Бриджит Джонс	Бриджит Джонс
75-я	Николь Кидман	Часы	Вирджиния Вулф
75-я	Сальма Хайек	Фрида	Фрида Кало
75-я	Дайан Лейн	Неверная	Конни Самнер
75-я	Джулианна Мур	Вдали от рая	Кэти Уайтекер
75-я	Рене Зеллвегер	Чикаго	Рокси Харт
76-я	Шарлиз Терон	Монстр	Эйлин Уорнос
76-я	Кейша Касл-Хьюз	Оседлавший кита	Пайкеа
76-я	Дайан Китон	Любовь по правилам и без	Эрика Барри
76-я	Саманта Мортон	В Америке	Сара Салливан
76-я	Наоми Уоттс	21 грамм	Кристина Пек
77-я	Хилари Суонк	Малышка на миллион	Мэгги Фицджеральд
77-я	Аннетт Бенинг	Театр	Джулия Ламберт
77-я	Каталина Сандино Морено	Мария, благодати полная	Мария Альварес
77-я	Имельда Стонтон	Вера Дрейк	Вера Дрейк
77-я	Кейт Уинслет	Вечное сияние чистого разума	Клементина Кручински
78-я	Риз Уизерспун	Переступить черту	Джун Картер
78-я	Джуди Денч	Миссис Хендерсон представляет	миссис Лора Хендерсон
78-я	Фелисити Хаффман	Трансамерика	Сабрина «Бри» Осборн
78-я	Кира Найтли	Гордость и предубеждение	Элизабет Беннет
78-я	Шарлиз Терон	Северная страна	Джози Эймс
79-я	Хелен Миррен	Королева	королева Великобритании Елизавета II
79-я	Пенелопа Крус	Возвращение	Раймунда
79-я	Джуди Денч	Скандальный дневник	Барбара Коветт
79-я	Мерил Стрип	Дьявол носит Prada	Миранда Пристли
79-я	Кейт Уинслет	Как малые дети	Сара Пирс
80-я	Марион Котийяр	Жизнь в розовом цвете	Эдит Пиаф
80-я	Кейт Бланшетт	Золотой век	королева Англии Елизавета I
80-я	Джули Кристи	Вдали от неё	Фиона Андерсон
80-я	Лора Линни	Дикари	Уэнди Сэвидж
80-я	Эллен Пейдж	Джуно	Джуно Макгафф
81-я	Кейт Уинслет	Чтец	Ханна Шмиц
81-я	Энн Хэтэуэй	Рэйчел выходит замуж	Ким
81-я	Анджелина Джоли	Подмена	Кристин Коллинз
81-я	Мелисса Лео	Замёрзшая река	Рэй Эдди
81-я	Мерил Стрип	Сомнение	сестра Элоиза Бовье
82-я	Сандра Буллок	Невидимая сторона	Ли Энн Туи
82-я	Хелен Миррен	Последнее воскресение	Софья Андреевна Толстая
82-я	Кэри Маллиган	Воспитание чувств	Дженни Меллор
82-я	Габури Сидибе	Сокровище	Кларисса «Сокровище» Джонс
82-я	Мерил Стрип	Джули и Джулия: Готовим счастье по рецепту	Джулия Чайлд
83-я	Натали Портман	Чёрный лебедь	Нина Сейерс
83-я	Аннетт Бенинг	Детки в порядке	Николь «Ник» Аллгуд
83-я	Николь Кидман	Кроличья нора	Бекка Корбетт
83-я	Дженнифер Лоуренс	Зимняя кость	Ри Долли
83-я	Мишель Уильямс	Валентинка	Синди
84-я	Мерил Стрип	Железная леди	Маргарет Тэтчер
84-я	Гленн Клоуз	Таинственный Альберт Ноббс	Альберт Ноббс
84-я	Виола Дэвис	Прислуга	Эйбилин Кларк
84-я	Руни Мара	Девушка с татуировкой дракона	Лисбет Саландер
84-я	Мишель Уильямс	7 дней и ночей с Мэрилин	Мэрилин Монро
85-я	Дженнифер Лоуренс	Мой парень — псих	Тиффани Максвелл
85-я	Джессика Честейн	Цель номер один	Майя
85-я	Эммануэль Рива	Любовь	Анна Лоран
85-я	Кувенжаней Уоллис	Звери дикого Юга	Хашпаппи
85-я	Наоми Уоттс	Невозможное	Мария Беннетт
86-я	Кейт Бланшетт	Жасмин	Жанетт «Жасмин» Фрэнсис
86-я	Эми Адамс	Афера по-американски	Сидни Проссер
86-я	Сандра Буллок	Гравитация	Райан Стоун
86-я	Джуди Денч	Филомена	Филомена Ли
86-я	Мерил Стрип	Август: Графство Осейдж	Вайолет Уэстон
87-я	Джулианна Мур	Всё ещё Элис	Элис Хоуланд
87-я	Марион Котийяр	Два дня, одна ночь	Сандра
87-я	Фелисити Джонс	Теория всего	Джейн Хокинг
87-я	Розамунд Пайк	Исчезнувшая	Эми Эллиотт-Данн
87-я	Риз Уизерспун	Дикая	Шерил Стрэйд
88-я	Бри Ларсон	Комната	Джой «Ма» Ньюсом
88-я	Кейт Бланшетт	Кэрол	Кэрол Эйрд
88-я	Дженнифер Лоуренс	Джой	Джой Мангано
88-я	Шарлотта Рэмплинг	45 лет	Кейт Мерсер
88-я	Сирша Ронан	Бруклин	Эллис Лэйси
89-я	Эмма Стоун	Ла-Ла Ленд	Мия Долан
89-я	Изабель Юппер	Она	Мишель Леблан
89-я	Рут Негга	Лавинг	Милдред Лавинг
89-я	Натали Портман	Джеки	Жаклин Кеннеди
89-я	Мерил Стрип	Флоренс Фостер Дженкинс	Флоренс Фостер Дженкинс
90-я	Фрэнсис Макдорманд	Три билборда на границе Эббинга, Миссури	Милдред Хейз
90-я	Салли Хокинс	Форма воды	Элайза Эспозито
90-я	Марго Робби	Тоня против всех	Тоня Хардинг
90-я	Сирша Ронан	Леди Бёрд	Кристин Макферсон
90-я	Мерил Стрип	Секретное досье	Кэй Грэм
91-я	Оливия Колман	Фаворитка	королева Анна
91-я	Ялица Апарисио	Рома	Клео
91-я	Гленн Клоуз	Жена	Джоан Каслман
91-я	Леди Гага	Звезда родилась	Элли
91-я	Мелисса Маккарти	Сможете ли вы меня простить?	Ли Израэль
92-я	Рене Зеллвегер	Джуди	Джуди Гарленд
92-я	Синтия Эриво	Гарриет	Гарриет Табмен
92-я	Скарлетт Йоханссон	Брачная история	Николь Барбер
92-я	Сирша Ронан	Маленькие женщины	Джозефина «Джо» Марч
92-я	Шарлиз Терон	Скандал	Мегин Келли
93-я	Фрэнсис Макдорманд	Земля кочевников	Ферн
93-я	Андра Дей	Соединённые Штаты против Билли Холидей	Билли Холидей
93-я	Виола Дэвис	Ма Рейни: Мать блюза	Ма Рейни
93-я	Ванесса Кирби	Фрагменты женщины	Марта Вайсс
93-я	Кэри Маллиган	Девушка, подающая надежды	Кассандра «Кэсси» Томас
